sale_id,product,category,region,quantity,price,sale_date
1,Jaqueta,Acessórios,Centro-Oeste,9,119.21,2023-01-01
2,Boné,Acessórios,Sudeste,4,495.54,2023-01-02
3,Tênis,Roupas,Norte,8,479.68,2023-01-03
4,Boné,Calçados,Norte,4,272.6,2023-01-04
5,Boné,Calçados,Sudeste,2,280.72,2023-01-05
6,Calça,Calçados,Sudeste,9,266.7,2023-01-06
7,Tênis,Acessórios,Sudeste,5,335.95,2023-01-07
8,Tênis,Acessórios,Norte,4,90.82,2023-01-08
9,Tênis,Acessórios,Norte,2,64.68,2023-01-09
10,Boné,Roupas,Sudeste,1,75.97,2023-01-10
11,Jaqueta,Acessórios,Sul,7,249.96,2023-01-11
12,Tênis,Roupas,Sul,6,174.0,2023-01-12
13,Bolsa,Calçados,Nordeste,2,329.92,2023-01-13
14,Boné,Acessórios,Centro-Oeste,8,496.6,2023-01-14
15,Calça,Roupas,Sul,4,223.85,2023-01-15
16,Jaqueta,Roupas,Norte,8,308.23,2023-01-16
17,Bolsa,Acessórios,Sul,7,237.02,2023-01-17
18,Bolsa,Calçados,Nordeste,5,431.27,2023-01-18
19,Calça,Calçados,Nordeste,8,456.01,2023-01-19
20,Jaqueta,Calçados,Centro-Oeste,9,444.81,2023-01-20
21,Boné,Roupas,Sul,5,488.47,2023-01-21
22,Camisa,Roupas,Norte,5,62.38,2023-01-22
23,Jaqueta,Roupas,Norte,2,427.92,2023-01-23
24,Calça,Roupas,Sudeste,5,388.3,2023-01-24
25,Bolsa,Calçados,Norte,3,152.91,2023-01-25
26,Boné,Acessórios,Centro-Oeste,7,480.34,2023-01-26
27,Jaqueta,Roupas,Centro-Oeste,5,116.68,2023-01-27
28,Camisa,Roupas,Norte,8,355.8,2023-01-28
29,Camisa,Calçados,Norte,1,151.2,2023-01-29
30,Tênis,Acessórios,Sudeste,3,244.12,2023-01-30
31,Tênis,Acessórios,Norte,3,373.62,2023-01-31
32,Calça,Calçados,Sudeste,9,303.5,2023-02-01
33,Jaqueta,Calçados,Sudeste,5,242.38,2023-02-02
34,Jaqueta,Acessórios,Norte,9,196.85,2023-02-03
35,Bolsa,Roupas,Nordeste,9,427.85,2023-02-04
36,Bolsa,Acessórios,Nordeste,1,114.72,2023-02-05
37,Bolsa,Calçados,Sudeste,2,243.55,2023-02-06
38,Tênis,Roupas,Norte,5,456.69,2023-02-07
39,Jaqueta,Roupas,Nordeste,4,430.63,2023-02-08
40,Jaqueta,Calçados,Norte,9,230.42,2023-02-09
41,Camisa,Calçados,Norte,7,393.4,2023-02-10
42,Tênis,Calçados,Norte,6,420.42,2023-02-11
43,Boné,Acessórios,Sul,7,450.0,2023-02-12
44,Tênis,Acessórios,Norte,1,295.03,2023-02-13
45,Boné,Roupas,Sul,1,142.01,2023-02-14
46,Camisa,Calçados,Sudeste,8,164.89,2023-02-15
47,Calça,Roupas,Nordeste,2,183.06,2023-02-16
48,Jaqueta,Roupas,Nordeste,9,317.21,2023-02-17
49,Camisa,Roupas,Nordeste,7,64.76,2023-02-18
50,Jaqueta,Roupas,Nordeste,6,336.22,2023-02-19
51,Bolsa,Calçados,Nordeste,1,213.96,2023-02-20
52,Calça,Roupas,Nordeste,1,182.86,2023-02-21
53,Calça,Calçados,Nordeste,2,445.77,2023-02-22
54,Camisa,Calçados,Sudeste,6,257.0,2023-02-23
55,Calça,Acessórios,Norte,6,92.77,2023-02-24
56,Boné,Calçados,Centro-Oeste,2,422.04,2023-02-25
57,Calça,Acessórios,Sul,1,71.44,2023-02-26
58,Jaqueta,Calçados,Centro-Oeste,5,377.04,2023-02-27
59,Jaqueta,Calçados,Centro-Oeste,5,398.26,2023-02-28
60,Jaqueta,Calçados,Norte,2,208.67,2023-03-01
61,Jaqueta,Acessórios,Norte,6,421.15,2023-03-02
62,Boné,Acessórios,Norte,9,282.05,2023-03-03
63,Tênis,Roupas,Nordeste,2,258.48,2023-03-04
64,Bolsa,Acessórios,Sudeste,2,70.43,2023-03-05
65,Camisa,Acessórios,Nordeste,3,180.51,2023-03-06
66,Jaqueta,Acessórios,Sudeste,7,468.95,2023-03-07
67,Calça,Acessórios,Sudeste,6,226.32,2023-03-08
68,Jaqueta,Roupas,Centro-Oeste,8,296.02,2023-03-09
69,Calça,Acessórios,Centro-Oeste,8,289.41,2023-03-10
70,Bolsa,Calçados,Sudeste,6,315.69,2023-03-11
71,Bolsa,Calçados,Sudeste,3,77.6,2023-03-12
72,Bolsa,Acessórios,Nordeste,3,212.98,2023-03-13
73,Calça,Acessórios,Nordeste,1,375.41,2023-03-14
74,Jaqueta,Calçados,Centro-Oeste,7,140.25,2023-03-15
75,Bolsa,Calçados,Norte,5,141.61,2023-03-16
76,Boné,Roupas,Sudeste,4,54.54,2023-03-17
77,Calça,Calçados,Nordeste,4,246.87,2023-03-18
78,Calça,Calçados,Centro-Oeste,4,447.23,2023-03-19
79,Jaqueta,Acessórios,Nordeste,6,73.36,2023-03-20
80,Calça,Calçados,Sudeste,8,136.0,2023-03-21
81,Calça,Roupas,Sudeste,8,189.54,2023-03-22
82,Bolsa,Calçados,Sul,5,379.28,2023-03-23
83,Jaqueta,Acessórios,Norte,6,338.29,2023-03-24
84,Bolsa,Acessórios,Sul,4,237.17,2023-03-25
85,Bolsa,Calçados,Centro-Oeste,9,391.58,2023-03-26
86,Jaqueta,Acessórios,Nordeste,8,324.33,2023-03-27
87,Camisa,Roupas,Centro-Oeste,1,453.22,2023-03-28
88,Bolsa,Roupas,Sudeste,2,418.11,2023-03-29
89,Boné,Calçados,Sul,9,163.77,2023-03-30
90,Boné,Calçados,Sul,8,172.15,2023-03-31
91,Calça,Calçados,Sul,3,106.41,2023-04-01
92,Boné,Acessórios,Centro-Oeste,8,201.63,2023-04-02
93,Calça,Roupas,Sudeste,1,499.79,2023-04-03
94,Camisa,Roupas,Nordeste,4,232.59,2023-04-04
95,Jaqueta,Acessórios,Nordeste,3,149.22,2023-04-05
96,Jaqueta,Roupas,Centro-Oeste,6,393.12,2023-04-06
97,Jaqueta,Calçados,Sul,7,294.11,2023-04-07
98,Boné,Calçados,Norte,4,117.32,2023-04-08
99,Camisa,Calçados,Centro-Oeste,7,221.31,2023-04-09
100,Boné,Roupas,Centro-Oeste,9,236.51,2023-04-10
101,Boné,Calçados,Sudeste,2,389.22,2023-04-11
102,Camisa,Acessórios,Nordeste,3,59.3,2023-04-12
103,Camisa,Acessórios,Centro-Oeste,5,171.06,2023-04-13
104,Camisa,Roupas,Centro-Oeste,3,282.92,2023-04-14
105,Camisa,Acessórios,Sul,8,170.98,2023-04-15
106,Jaqueta,Acessórios,Sul,8,332.8,2023-04-16
107,Tênis,Roupas,Norte,8,266.84,2023-04-17
108,Tênis,Calçados,Sudeste,9,212.77,2023-04-18
109,Camisa,Calçados,Norte,4,477.14,2023-04-19
110,Tênis,Calçados,Sul,5,334.47,2023-04-20
111,Tênis,Roupas,Nordeste,5,108.47,2023-04-21
112,Camisa,Acessórios,Sul,8,302.04,2023-04-22
113,Tênis,Calçados,Sudeste,7,401.33,2023-04-23
114,Boné,Calçados,Sul,9,368.82,2023-04-24
115,Calça,Roupas,Sudeste,8,127.44,2023-04-25
116,Calça,Calçados,Sudeste,2,487.59,2023-04-26
117,Camisa,Roupas,Sudeste,4,251.97,2023-04-27
118,Jaqueta,Acessórios,Sudeste,6,121.56,2023-04-28
119,Camisa,Roupas,Sudeste,2,131.09,2023-04-29
120,Jaqueta,Roupas,Nordeste,7,94.21,2023-04-30
121,Calça,Roupas,Norte,3,411.58,2023-05-01
122,Camisa,Roupas,Centro-Oeste,3,104.91,2023-05-02
123,Bolsa,Acessórios,Norte,2,106.31,2023-05-03
124,Boné,Acessórios,Sudeste,8,432.71,2023-05-04
125,Tênis,Calçados,Nordeste,6,205.07,2023-05-05
126,Jaqueta,Acessórios,Sul,1,63.89,2023-05-06
127,Bolsa,Acessórios,Nordeste,1,73.35,2023-05-07
128,Tênis,Calçados,Sudeste,7,113.98,2023-05-08
129,Tênis,Acessórios,Nordeste,8,146.03,2023-05-09
130,Camisa,Roupas,Nordeste,5,349.32,2023-05-10
131,Tênis,Roupas,Sudeste,5,120.8,2023-05-11
132,Boné,Calçados,Nordeste,4,103.49,2023-05-12
133,Bolsa,Calçados,Centro-Oeste,6,394.12,2023-05-13
134,Tênis,Calçados,Centro-Oeste,6,351.97,2023-05-14
135,Camisa,Roupas,Nordeste,3,245.9,2023-05-15
136,Boné,Acessórios,Sul,9,297.19,2023-05-16
137,Calça,Roupas,Sudeste,7,190.39,2023-05-17
138,Bolsa,Calçados,Centro-Oeste,1,267.13,2023-05-18
139,Tênis,Acessórios,Sul,7,278.0,2023-05-19
140,Camisa,Acessórios,Nordeste,5,224.26,2023-05-20
141,Calça,Roupas,Sul,5,457.96,2023-05-21
142,Calça,Calçados,Norte,2,57.23,2023-05-22
143,Jaqueta,Roupas,Centro-Oeste,4,401.98,2023-05-23
144,Boné,Acessórios,Nordeste,6,105.97,2023-05-24
145,Tênis,Roupas,Sudeste,7,408.9,2023-05-25
146,Camisa,Roupas,Nordeste,5,327.16,2023-05-26
147,Jaqueta,Calçados,Sudeste,9,429.48,2023-05-27
148,Boné,Calçados,Nordeste,3,93.88,2023-05-28
149,Jaqueta,Acessórios,Sul,1,301.54,2023-05-29
150,Bolsa,Roupas,Sul,4,275.49,2023-05-30
151,Boné,Roupas,Sul,9,367.79,2023-05-31
152,Boné,Roupas,Norte,4,290.43,2023-06-01
153,Tênis,Acessórios,Sudeste,2,293.33,2023-06-02
154,Boné,Acessórios,Sul,5,243.32,2023-06-03
155,Jaqueta,Calçados,Norte,3,188.98,2023-06-04
156,Boné,Calçados,Sudeste,9,267.02,2023-06-05
157,Tênis,Calçados,Nordeste,4,103.32,2023-06-06
158,Tênis,Roupas,Norte,6,482.68,2023-06-07
159,Bolsa,Roupas,Centro-Oeste,2,371.48,2023-06-08
160,Jaqueta,Calçados,Norte,6,478.61,2023-06-09
161,Calça,Roupas,Norte,3,152.03,2023-06-10
162,Calça,Calçados,Sudeste,9,445.7,2023-06-11
163,Boné,Acessórios,Nordeste,2,413.96,2023-06-12
164,Bolsa,Calçados,Centro-Oeste,9,354.72,2023-06-13
165,Camisa,Acessórios,Sul,5,331.26,2023-06-14
166,Boné,Roupas,Sul,8,192.45,2023-06-15
167,Bolsa,Calçados,Norte,2,417.38,2023-06-16
168,Jaqueta,Roupas,Sudeste,6,275.68,2023-06-17
169,Jaqueta,Acessórios,Sudeste,3,81.9,2023-06-18
170,Jaqueta,Acessórios,Sul,5,190.79,2023-06-19
171,Jaqueta,Acessórios,Centro-Oeste,8,470.88,2023-06-20
172,Jaqueta,Roupas,Nordeste,1,432.81,2023-06-21
173,Bolsa,Roupas,Centro-Oeste,5,491.86,2023-06-22
174,Bolsa,Roupas,Nordeste,3,332.6,2023-06-23
175,Tênis,Roupas,Sul,4,161.38,2023-06-24
176,Calça,Acessórios,Nordeste,2,123.27,2023-06-25
177,Jaqueta,Acessórios,Sudeste,9,134.11,2023-06-26
178,Camisa,Calçados,Norte,3,58.91,2023-06-27
179,Bolsa,Calçados,Norte,2,225.81,2023-06-28
180,Camisa,Roupas,Sul,9,136.14,2023-06-29
181,Camisa,Acessórios,Sudeste,7,235.24,2023-06-30
182,Camisa,Acessórios,Centro-Oeste,6,470.75,2023-07-01
183,Tênis,Acessórios,Sudeste,1,243.74,2023-07-02
184,Bolsa,Calçados,Norte,5,445.09,2023-07-03
185,Camisa,Calçados,Norte,3,322.48,2023-07-04
186,Jaqueta,Acessórios,Sudeste,1,161.21,2023-07-05
187,Boné,Acessórios,Sudeste,4,210.13,2023-07-06
188,Camisa,Acessórios,Norte,2,87.76,2023-07-07
189,Tênis,Calçados,Centro-Oeste,2,200.06,2023-07-08
190,Bolsa,Acessórios,Sul,3,354.89,2023-07-09
191,Tênis,Acessórios,Sul,8,82.45,2023-07-10
192,Camisa,Roupas,Sudeste,8,142.43,2023-07-11
193,Bolsa,Roupas,Sul,7,221.65,2023-07-12
194,Boné,Calçados,Norte,6,491.92,2023-07-13
195,Camisa,Acessórios,Norte,9,403.19,2023-07-14
196,Tênis,Acessórios,Sudeste,4,380.07,2023-07-15
197,Calça,Roupas,Sudeste,1,102.29,2023-07-16
198,Jaqueta,Calçados,Sudeste,8,401.45,2023-07-17
199,Tênis,Roupas,Centro-Oeste,7,403.37,2023-07-18
200,Bolsa,Roupas,Sul,7,320.5,2023-07-19
201,Camisa,Roupas,Sudeste,3,495.66,2023-07-20
202,Jaqueta,Roupas,Nordeste,4,196.36,2023-07-21
203,Camisa,Acessórios,Nordeste,9,473.57,2023-07-22
204,Bolsa,Acessórios,Norte,6,461.63,2023-07-23
205,Camisa,Roupas,Sul,5,55.17,2023-07-24
206,Calça,Calçados,Sudeste,3,252.55,2023-07-25
207,Jaqueta,Calçados,Nordeste,9,489.7,2023-07-26
208,Jaqueta,Calçados,Sul,5,96.4,2023-07-27
209,Bolsa,Calçados,Norte,5,296.5,2023-07-28
210,Calça,Roupas,Centro-Oeste,4,490.53,2023-07-29
211,Tênis,Acessórios,Sul,4,299.97,2023-07-30
212,Camisa,Calçados,Sul,1,135.42,2023-07-31
213,Boné,Roupas,Centro-Oeste,7,311.98,2023-08-01
214,Camisa,Calçados,Sul,9,142.0,2023-08-02
215,Camisa,Calçados,Norte,3,283.87,2023-08-03
216,Tênis,Roupas,Norte,2,83.32,2023-08-04
217,Camisa,Acessórios,Centro-Oeste,3,322.47,2023-08-05
218,Calça,Acessórios,Sudeste,1,282.56,2023-08-06
219,Calça,Roupas,Nordeste,6,383.07,2023-08-07
220,Jaqueta,Acessórios,Sudeste,7,333.82,2023-08-08
221,Bolsa,Roupas,Sul,2,297.32,2023-08-09
222,Boné,Roupas,Nordeste,8,360.4,2023-08-10
223,Camisa,Roupas,Centro-Oeste,6,114.77,2023-08-11
224,Camisa,Acessórios,Centro-Oeste,4,317.91,2023-08-12
225,Tênis,Roupas,Nordeste,5,127.45,2023-08-13
226,Bolsa,Calçados,Norte,8,466.48,2023-08-14
227,Calça,Acessórios,Nordeste,3,80.75,2023-08-15
228,Boné,Acessórios,Sul,3,243.67,2023-08-16
229,Jaqueta,Acessórios,Norte,4,363.11,2023-08-17
230,Calça,Acessórios,Centro-Oeste,1,256.11,2023-08-18
231,Bolsa,Calçados,Nordeste,9,91.44,2023-08-19
232,Jaqueta,Acessórios,Sudeste,8,299.02,2023-08-20
233,Tênis,Acessórios,Sudeste,8,338.73,2023-08-21
234,Tênis,Roupas,Sul,6,366.71,2023-08-22
235,Camisa,Acessórios,Sudeste,7,217.97,2023-08-23
236,Bolsa,Calçados,Nordeste,6,303.65,2023-08-24
237,Boné,Calçados,Nordeste,9,252.81,2023-08-25
238,Jaqueta,Calçados,Sudeste,3,352.43,2023-08-26
239,Calça,Calçados,Nordeste,3,312.6,2023-08-27
240,Bolsa,Acessórios,Sul,3,286.59,2023-08-28
241,Bolsa,Acessórios,Norte,3,162.29,2023-08-29
242,Tênis,Calçados,Sul,9,50.91,2023-08-30
243,Camisa,Calçados,Sul,4,128.34,2023-08-31
244,Camisa,Acessórios,Nordeste,7,102.68,2023-09-01
245,Jaqueta,Calçados,Norte,9,252.09,2023-09-02
246,Tênis,Roupas,Nordeste,7,325.52,2023-09-03
247,Bolsa,Calçados,Centro-Oeste,9,145.89,2023-09-04
248,Boné,Calçados,Nordeste,3,472.58,2023-09-05
249,Tênis,Roupas,Nordeste,4,53.01,2023-09-06
250,Jaqueta,Roupas,Nordeste,8,397.54,2023-09-07
251,Jaqueta,Acessórios,Norte,6,331.34,2023-09-08
252,Tênis,Acessórios,Nordeste,5,218.1,2023-09-09
253,Jaqueta,Roupas,Norte,4,72.72,2023-09-10
254,Tênis,Roupas,Sudeste,8,332.37,2023-09-11
255,Calça,Acessórios,Centro-Oeste,1,223.53,2023-09-12
256,Tênis,Calçados,Norte,9,471.32,2023-09-13
257,Tênis,Roupas,Sudeste,1,293.9,2023-09-14
258,Jaqueta,Acessórios,Norte,8,472.84,2023-09-15
259,Jaqueta,Calçados,Norte,4,149.22,2023-09-16
260,Camisa,Roupas,Centro-Oeste,9,376.58,2023-09-17
261,Camisa,Calçados,Sul,5,327.76,2023-09-18
262,Calça,Acessórios,Sul,3,382.73,2023-09-19
263,Camisa,Roupas,Norte,9,146.6,2023-09-20
264,Tênis,Calçados,Nordeste,9,349.25,2023-09-21
265,Jaqueta,Roupas,Sudeste,4,274.12,2023-09-22
266,Camisa,Calçados,Nordeste,4,384.27,2023-09-23
267,Camisa,Acessórios,Nordeste,8,197.17,2023-09-24
268,Calça,Acessórios,Norte,2,450.53,2023-09-25
269,Bolsa,Roupas,Norte,9,87.94,2023-09-26
270,Calça,Calçados,Norte,6,413.24,2023-09-27
271,Tênis,Roupas,Norte,9,437.59,2023-09-28
272,Jaqueta,Roupas,Sul,8,417.76,2023-09-29
273,Calça,Calçados,Norte,7,280.73,2023-09-30
274,Camisa,Calçados,Sul,1,247.27,2023-10-01
275,Jaqueta,Calçados,Sul,3,498.32,2023-10-02
276,Jaqueta,Acessórios,Norte,2,153.13,2023-10-03
277,Camisa,Roupas,Centro-Oeste,5,296.09,2023-10-04
278,Calça,Roupas,Sudeste,5,351.8,2023-10-05
279,Camisa,Acessórios,Nordeste,5,365.39,2023-10-06
280,Bolsa,Calçados,Sul,4,141.81,2023-10-07
281,Jaqueta,Acessórios,Sudeste,5,344.3,2023-10-08
282,Boné,Acessórios,Centro-Oeste,3,418.27,2023-10-09
283,Boné,Acessórios,Nordeste,1,72.51,2023-10-10
284,Tênis,Roupas,Nordeste,5,460.18,2023-10-11
285,Camisa,Acessórios,Sul,9,63.28,2023-10-12
286,Camisa,Roupas,Norte,9,210.19,2023-10-13
287,Tênis,Roupas,Centro-Oeste,4,57.12,2023-10-14
288,Tênis,Roupas,Sul,3,84.72,2023-10-15
289,Tênis,Calçados,Centro-Oeste,1,460.03,2023-10-16
290,Jaqueta,Roupas,Norte,2,209.69,2023-10-17
291,Bolsa,Roupas,Norte,8,241.15,2023-10-18
292,Camisa,Calçados,Sul,1,146.9,2023-10-19
293,Jaqueta,Roupas,Norte,8,318.69,2023-10-20
294,Tênis,Acessórios,Sudeste,7,317.66,2023-10-21
295,Camisa,Acessórios,Nordeste,8,217.49,2023-10-22
296,Jaqueta,Roupas,Sul,6,199.87,2023-10-23
297,Bolsa,Calçados,Centro-Oeste,9,448.23,2023-10-24
298,Jaqueta,Acessórios,Sudeste,3,222.48,2023-10-25
299,Bolsa,Calçados,Sul,4,272.08,2023-10-26
300,Tênis,Calçados,Norte,6,177.49,2023-10-27
301,Bolsa,Acessórios,Norte,8,404.05,2023-10-28
302,Camisa,Calçados,Norte,5,228.85,2023-10-29
303,Tênis,Acessórios,Norte,3,281.12,2023-10-30
304,Camisa,Calçados,Centro-Oeste,6,164.01,2023-10-31
305,Boné,Acessórios,Sudeste,4,494.45,2023-11-01
306,Calça,Roupas,Nordeste,9,181.17,2023-11-02
307,Bolsa,Acessórios,Centro-Oeste,3,396.83,2023-11-03
308,Calça,Acessórios,Centro-Oeste,4,242.37,2023-11-04
309,Calça,Acessórios,Nordeste,7,142.8,2023-11-05
310,Bolsa,Acessórios,Nordeste,7,409.87,2023-11-06
311,Tênis,Calçados,Norte,4,200.12,2023-11-07
312,Boné,Roupas,Centro-Oeste,6,439.34,2023-11-08
313,Camisa,Acessórios,Sul,3,461.87,2023-11-09
314,Jaqueta,Calçados,Nordeste,6,436.92,2023-11-10
315,Camisa,Roupas,Nordeste,2,65.75,2023-11-11
316,Jaqueta,Roupas,Sudeste,8,404.32,2023-11-12
317,Camisa,Roupas,Sul,2,235.1,2023-11-13
318,Bolsa,Roupas,Sul,7,443.18,2023-11-14
319,Boné,Acessórios,Nordeste,9,337.08,2023-11-15
320,Jaqueta,Acessórios,Norte,1,425.14,2023-11-16
321,Tênis,Calçados,Sudeste,8,274.74,2023-11-17
322,Camisa,Calçados,Sul,7,290.76,2023-11-18
323,Camisa,Calçados,Nordeste,6,114.97,2023-11-19
324,Jaqueta,Roupas,Sul,6,402.79,2023-11-20
325,Tênis,Roupas,Sudeste,6,238.73,2023-11-21
326,Tênis,Acessórios,Sudeste,9,275.04,2023-11-22
327,Bolsa,Roupas,Centro-Oeste,2,403.29,2023-11-23
328,Bolsa,Roupas,Nordeste,1,319.48,2023-11-24
329,Bolsa,Roupas,Sudeste,6,140.49,2023-11-25
330,Bolsa,Calçados,Centro-Oeste,8,315.6,2023-11-26
331,Bolsa,Calçados,Centro-Oeste,3,233.43,2023-11-27
332,Bolsa,Acessórios,Sul,1,261.29,2023-11-28
333,Boné,Roupas,Sul,9,62.74,2023-11-29
334,Tênis,Roupas,Centro-Oeste,1,144.51,2023-11-30
335,Bolsa,Acessórios,Sul,3,176.47,2023-12-01
336,Tênis,Roupas,Sudeste,8,370.83,2023-12-02
337,Tênis,Roupas,Norte,3,55.17,2023-12-03
338,Calça,Calçados,Sudeste,4,233.95,2023-12-04
339,Boné,Acessórios,Centro-Oeste,8,465.81,2023-12-05
340,Bolsa,Acessórios,Centro-Oeste,1,100.35,2023-12-06
341,Camisa,Acessórios,Sudeste,6,282.39,2023-12-07
342,Jaqueta,Acessórios,Sul,1,403.94,2023-12-08
343,Camisa,Calçados,Sul,1,474.14,2023-12-09
344,Boné,Calçados,Centro-Oeste,8,386.05,2023-12-10
345,Jaqueta,Roupas,Nordeste,4,374.25,2023-12-11
346,Boné,Roupas,Sul,1,421.92,2023-12-12
347,Tênis,Roupas,Sudeste,7,250.79,2023-12-13
348,Jaqueta,Roupas,Sul,5,412.63,2023-12-14
349,Tênis,Calçados,Sudeste,5,53.58,2023-12-15
350,Camisa,Acessórios,Centro-Oeste,1,466.05,2023-12-16
351,Camisa,Calçados,Sul,6,249.49,2023-12-17
352,Jaqueta,Roupas,Sudeste,9,299.02,2023-12-18
353,Jaqueta,Calçados,Centro-Oeste,9,164.7,2023-12-19
354,Bolsa,Acessórios,Nordeste,8,384.14,2023-12-20
355,Boné,Acessórios,Sudeste,5,84.49,2023-12-21
356,Bolsa,Calçados,Nordeste,1,442.69,2023-12-22
357,Boné,Calçados,Nordeste,9,422.65,2023-12-23
358,Bolsa,Calçados,Norte,1,147.23,2023-12-24
359,Tênis,Roupas,Sul,8,414.2,2023-12-25
360,Jaqueta,Calçados,Sudeste,5,403.86,2023-12-26
361,Camisa,Calçados,Nordeste,3,334.5,2023-12-27
362,Boné,Calçados,Norte,7,218.08,2023-12-28
363,Boné,Acessórios,Centro-Oeste,7,172.17,2023-12-29
364,Camisa,Acessórios,Sudeste,9,154.3,2023-12-30
365,Bolsa,Roupas,Nordeste,7,193.37,2023-12-31
366,Boné,Roupas,Sul,3,456.6,2024-01-01
367,Tênis,Acessórios,Norte,1,84.94,2024-01-02
368,Jaqueta,Acessórios,Nordeste,8,422.99,2024-01-03
369,Camisa,Acessórios,Sul,3,207.0,2024-01-04
370,Jaqueta,Calçados,Nordeste,8,284.72,2024-01-05
371,Boné,Calçados,Sudeste,8,407.52,2024-01-06
372,Boné,Acessórios,Sudeste,5,447.97,2024-01-07
373,Camisa,Calçados,Sudeste,1,205.15,2024-01-08
374,Tênis,Calçados,Norte,7,257.83,2024-01-09
375,Calça,Roupas,Sudeste,5,236.53,2024-01-10
376,Camisa,Acessórios,Sul,8,55.96,2024-01-11
377,Calça,Acessórios,Nordeste,9,183.17,2024-01-12
378,Bolsa,Calçados,Centro-Oeste,7,256.64,2024-01-13
379,Calça,Acessórios,Sul,7,234.99,2024-01-14
380,Tênis,Roupas,Sul,1,374.87,2024-01-15
381,Bolsa,Roupas,Sudeste,4,223.16,2024-01-16
382,Calça,Roupas,Norte,2,270.22,2024-01-17
383,Bolsa,Acessórios,Nordeste,2,243.32,2024-01-18
384,Calça,Acessórios,Norte,2,383.28,2024-01-19
385,Tênis,Acessórios,Nordeste,4,438.34,2024-01-20
386,Calça,Acessórios,Nordeste,1,289.35,2024-01-21
387,Calça,Acessórios,Norte,4,405.24,2024-01-22
388,Calça,Roupas,Sul,2,183.55,2024-01-23
389,Camisa,Calçados,Nordeste,5,293.62,2024-01-24
390,Camisa,Roupas,Norte,3,205.35,2024-01-25
391,Camisa,Acessórios,Nordeste,8,236.39,2024-01-26
392,Tênis,Roupas,Centro-Oeste,4,379.59,2024-01-27
393,Bolsa,Acessórios,Sul,1,446.75,2024-01-28
394,Boné,Acessórios,Sudeste,1,104.67,2024-01-29
395,Calça,Roupas,Nordeste,3,335.59,2024-01-30
396,Calça,Acessórios,Centro-Oeste,9,311.96,2024-01-31
397,Tênis,Calçados,Sudeste,7,103.29,2024-02-01
398,Calça,Acessórios,Sudeste,2,145.35,2024-02-02
399,Camisa,Calçados,Nordeste,9,189.95,2024-02-03
400,Boné,Calçados,Norte,2,125.12,2024-02-04
401,Jaqueta,Acessórios,Nordeste,3,159.68,2024-02-05
402,Calça,Roupas,Centro-Oeste,2,170.42,2024-02-06
403,Camisa,Calçados,Sudeste,3,201.05,2024-02-07
404,Jaqueta,Roupas,Nordeste,6,387.23,2024-02-08
405,Boné,Calçados,Norte,9,307.36,2024-02-09
406,Jaqueta,Acessórios,Nordeste,9,493.81,2024-02-10
407,Camisa,Acessórios,Sul,7,236.63,2024-02-11
408,Bolsa,Calçados,Norte,3,389.24,2024-02-12
409,Bolsa,Acessórios,Centro-Oeste,4,442.16,2024-02-13
410,Jaqueta,Calçados,Sudeste,6,355.54,2024-02-14
411,Tênis,Acessórios,Nordeste,5,235.34,2024-02-15
412,Jaqueta,Roupas,Norte,2,389.12,2024-02-16
413,Calça,Acessórios,Sul,6,141.65,2024-02-17
414,Calça,Roupas,Norte,3,197.4,2024-02-18
415,Bolsa,Acessórios,Sul,8,296.01,2024-02-19
416,Tênis,Roupas,Centro-Oeste,2,308.93,2024-02-20
417,Camisa,Acessórios,Sudeste,1,59.96,2024-02-21
418,Calça,Roupas,Centro-Oeste,9,475.3,2024-02-22
419,Bolsa,Calçados,Nordeste,3,363.48,2024-02-23
420,Boné,Calçados,Norte,1,273.07,2024-02-24
421,Bolsa,Roupas,Sul,7,469.91,2024-02-25
422,Calça,Acessórios,Sul,5,247.59,2024-02-26
423,Calça,Roupas,Norte,5,491.2,2024-02-27
424,Bolsa,Acessórios,Norte,1,280.53,2024-02-28
425,Camisa,Calçados,Nordeste,9,101.43,2024-02-29
426,Jaqueta,Acessórios,Centro-Oeste,7,394.16,2024-03-01
427,Calça,Calçados,Sul,8,355.5,2024-03-02
428,Bolsa,Acessórios,Nordeste,9,397.84,2024-03-03
429,Bolsa,Acessórios,Centro-Oeste,6,478.15,2024-03-04
430,Tênis,Acessórios,Nordeste,5,399.42,2024-03-05
431,Jaqueta,Roupas,Sul,6,325.1,2024-03-06
432,Boné,Roupas,Norte,2,435.79,2024-03-07
433,Camisa,Calçados,Norte,4,352.96,2024-03-08
434,Boné,Calçados,Centro-Oeste,3,233.65,2024-03-09
435,Jaqueta,Roupas,Sudeste,7,448.53,2024-03-10
436,Jaqueta,Calçados,Centro-Oeste,9,149.86,2024-03-11
437,Jaqueta,Roupas,Sudeste,5,371.59,2024-03-12
438,Boné,Acessórios,Nordeste,6,446.7,2024-03-13
439,Jaqueta,Calçados,Nordeste,2,379.09,2024-03-14
440,Bolsa,Calçados,Sul,3,363.77,2024-03-15
441,Boné,Roupas,Sudeste,3,388.69,2024-03-16
442,Jaqueta,Calçados,Sul,9,259.27,2024-03-17
443,Bolsa,Calçados,Norte,7,443.38,2024-03-18
444,Tênis,Acessórios,Sudeste,8,141.55,2024-03-19
445,Jaqueta,Calçados,Centro-Oeste,9,107.32,2024-03-20
446,Boné,Acessórios,Norte,6,178.48,2024-03-21
447,Calça,Roupas,Norte,4,289.21,2024-03-22
448,Jaqueta,Calçados,Centro-Oeste,1,279.75,2024-03-23
449,Calça,Acessórios,Norte,8,419.27,2024-03-24
450,Bolsa,Roupas,Sudeste,7,232.06,2024-03-25
451,Tênis,Calçados,Sul,2,267.95,2024-03-26
452,Camisa,Roupas,Norte,8,56.02,2024-03-27
453,Tênis,Calçados,Sudeste,5,234.38,2024-03-28
454,Jaqueta,Roupas,Nordeste,7,341.5,2024-03-29
455,Calça,Roupas,Sudeste,4,56.98,2024-03-30
456,Calça,Acessórios,Sul,5,176.4,2024-03-31
457,Boné,Roupas,Sudeste,8,143.58,2024-04-01
458,Calça,Calçados,Centro-Oeste,1,68.89,2024-04-02
459,Boné,Calçados,Sul,1,265.67,2024-04-03
460,Bolsa,Acessórios,Nordeste,4,131.78,2024-04-04
461,Camisa,Calçados,Centro-Oeste,3,384.39,2024-04-05
462,Jaqueta,Calçados,Sudeste,2,431.57,2024-04-06
463,Boné,Calçados,Sul,3,295.51,2024-04-07
464,Camisa,Roupas,Nordeste,1,491.77,2024-04-08
465,Calça,Roupas,Centro-Oeste,1,252.72,2024-04-09
466,Calça,Calçados,Nordeste,6,281.02,2024-04-10
467,Camisa,Acessórios,Sudeste,5,495.15,2024-04-11
468,Calça,Roupas,Nordeste,8,154.2,2024-04-12
469,Bolsa,Acessórios,Norte,2,474.15,2024-04-13
470,Bolsa,Calçados,Centro-Oeste,4,69.28,2024-04-14
471,Camisa,Calçados,Nordeste,8,250.87,2024-04-15
472,Boné,Roupas,Sudeste,6,81.5,2024-04-16
473,Boné,Calçados,Sudeste,1,378.16,2024-04-17
474,Camisa,Roupas,Nordeste,4,323.78,2024-04-18
475,Boné,Calçados,Sudeste,1,367.99,2024-04-19
476,Boné,Calçados,Sul,2,218.52,2024-04-20
477,Bolsa,Roupas,Sul,5,216.27,2024-04-21
478,Boné,Roupas,Sul,8,70.39,2024-04-22
479,Tênis,Roupas,Norte,8,207.48,2024-04-23
480,Jaqueta,Calçados,Nordeste,3,468.18,2024-04-24
481,Calça,Calçados,Norte,4,220.65,2024-04-25
482,Tênis,Acessórios,Sudeste,6,424.12,2024-04-26
483,Boné,Roupas,Norte,3,429.05,2024-04-27
484,Bolsa,Calçados,Sudeste,2,217.96,2024-04-28
485,Camisa,Calçados,Sudeste,6,334.39,2024-04-29
486,Boné,Roupas,Centro-Oeste,5,92.92,2024-04-30
487,Bolsa,Acessórios,Sul,5,96.66,2024-05-01
488,Jaqueta,Roupas,Sudeste,5,71.9,2024-05-02
489,Boné,Acessórios,Centro-Oeste,5,311.46,2024-05-03
490,Camisa,Calçados,Sul,3,241.73,2024-05-04
491,Bolsa,Acessórios,Sudeste,7,296.61,2024-05-05
492,Bolsa,Calçados,Sudeste,6,284.48,2024-05-06
493,Bolsa,Roupas,Norte,4,207.59,2024-05-07
494,Jaqueta,Roupas,Norte,2,354.86,2024-05-08
495,Boné,Roupas,Sul,9,391.33,2024-05-09
496,Jaqueta,Acessórios,Sudeste,1,56.58,2024-05-10
497,Calça,Calçados,Nordeste,4,143.26,2024-05-11
498,Calça,Roupas,Norte,1,370.96,2024-05-12
499,Boné,Roupas,Sul,6,223.98,2024-05-13
500,Jaqueta,Calçados,Sudeste,4,348.12,2024-05-14
501,Camisa,Roupas,Sudeste,5,206.13,2024-05-15
502,Bolsa,Calçados,Nordeste,5,225.84,2024-05-16
503,Bolsa,Calçados,Sul,9,121.41,2024-05-17
504,Boné,Calçados,Sudeste,1,166.2,2024-05-18
505,Calça,Calçados,Norte,2,322.44,2024-05-19
506,Calça,Calçados,Nordeste,6,244.92,2024-05-20
507,Bolsa,Acessórios,Sul,5,398.44,2024-05-21
508,Boné,Roupas,Nordeste,7,433.66,2024-05-22
509,Jaqueta,Acessórios,Norte,3,293.74,2024-05-23
510,Calça,Roupas,Sul,3,391.22,2024-05-24
511,Jaqueta,Acessórios,Nordeste,2,188.11,2024-05-25
512,Calça,Calçados,Centro-Oeste,3,236.74,2024-05-26
513,Calça,Roupas,Norte,1,370.75,2024-05-27
514,Tênis,Roupas,Norte,5,223.8,2024-05-28
515,Calça,Acessórios,Norte,5,314.83,2024-05-29
516,Camisa,Acessórios,Centro-Oeste,7,133.42,2024-05-30
517,Boné,Roupas,Centro-Oeste,4,319.9,2024-05-31
518,Boné,Acessórios,Sudeste,3,437.68,2024-06-01
519,Jaqueta,Acessórios,Nordeste,1,440.89,2024-06-02
520,Calça,Acessórios,Sudeste,8,375.95,2024-06-03
521,Camisa,Calçados,Nordeste,3,385.59,2024-06-04
522,Jaqueta,Calçados,Centro-Oeste,2,301.07,2024-06-05
523,Tênis,Acessórios,Centro-Oeste,4,313.1,2024-06-06
524,Jaqueta,Acessórios,Sudeste,3,110.14,2024-06-07
525,Jaqueta,Calçados,Sul,1,249.74,2024-06-08
526,Calça,Calçados,Sudeste,3,252.85,2024-06-09
527,Tênis,Roupas,Nordeste,2,481.32,2024-06-10
528,Jaqueta,Roupas,Sudeste,8,243.99,2024-06-11
529,Camisa,Calçados,Norte,6,297.2,2024-06-12
530,Camisa,Acessórios,Nordeste,9,289.96,2024-06-13
531,Boné,Acessórios,Nordeste,8,336.54,2024-06-14
532,Tênis,Acessórios,Sul,3,386.7,2024-06-15
533,Tênis,Acessórios,Centro-Oeste,5,151.27,2024-06-16
534,Boné,Roupas,Nordeste,7,287.93,2024-06-17
535,Jaqueta,Calçados,Centro-Oeste,5,421.66,2024-06-18
536,Tênis,Acessórios,Sudeste,8,258.4,2024-06-19
537,Camisa,Roupas,Norte,5,175.31,2024-06-20
538,Camisa,Acessórios,Sul,1,344.62,2024-06-21
539,Calça,Calçados,Centro-Oeste,5,420.7,2024-06-22
540,Tênis,Roupas,Nordeste,4,78.41,2024-06-23
541,Jaqueta,Calçados,Centro-Oeste,6,399.56,2024-06-24
542,Boné,Calçados,Nordeste,3,419.74,2024-06-25
543,Boné,Roupas,Centro-Oeste,5,257.69,2024-06-26
544,Jaqueta,Roupas,Nordeste,2,492.49,2024-06-27
545,Bolsa,Roupas,Sudeste,6,404.02,2024-06-28
546,Calça,Roupas,Nordeste,6,398.15,2024-06-29
547,Boné,Roupas,Nordeste,5,386.53,2024-06-30
548,Tênis,Roupas,Norte,6,117.77,2024-07-01
549,Calça,Roupas,Nordeste,7,147.75,2024-07-02
550,Tênis,Acessórios,Norte,5,258.8,2024-07-03
551,Camisa,Calçados,Sul,1,168.8,2024-07-04
552,Calça,Roupas,Norte,8,236.86,2024-07-05
553,Boné,Acessórios,Sudeste,4,449.81,2024-07-06
554,Calça,Acessórios,Norte,9,420.95,2024-07-07
555,Calça,Acessórios,Sul,6,333.52,2024-07-08
556,Calça,Calçados,Sudeste,1,436.15,2024-07-09
557,Bolsa,Roupas,Centro-Oeste,3,402.7,2024-07-10
558,Calça,Acessórios,Centro-Oeste,3,243.04,2024-07-11
559,Tênis,Calçados,Norte,4,140.48,2024-07-12
560,Camisa,Calçados,Norte,6,281.39,2024-07-13
561,Jaqueta,Calçados,Sul,7,381.3,2024-07-14
562,Calça,Acessórios,Sul,4,246.39,2024-07-15
563,Boné,Roupas,Nordeste,6,350.05,2024-07-16
564,Calça,Acessórios,Sul,1,92.45,2024-07-17
565,Boné,Acessórios,Nordeste,8,386.6,2024-07-18
566,Tênis,Roupas,Sudeste,7,415.72,2024-07-19
567,Boné,Roupas,Norte,9,368.08,2024-07-20
568,Jaqueta,Roupas,Sudeste,3,485.27,2024-07-21
569,Camisa,Calçados,Sul,2,421.99,2024-07-22
570,Boné,Roupas,Sudeste,1,456.39,2024-07-23
571,Boné,Acessórios,Sudeste,3,470.11,2024-07-24
572,Camisa,Roupas,Sudeste,5,410.61,2024-07-25
573,Jaqueta,Acessórios,Sul,2,353.42,2024-07-26
574,Calça,Calçados,Sudeste,3,52.57,2024-07-27
575,Boné,Acessórios,Nordeste,4,259.62,2024-07-28
576,Camisa,Acessórios,Sul,7,307.02,2024-07-29
577,Tênis,Roupas,Sudeste,3,186.81,2024-07-30
578,Camisa,Roupas,Sul,9,193.15,2024-07-31
579,Tênis,Acessórios,Centro-Oeste,8,482.52,2024-08-01
580,Jaqueta,Roupas,Nordeste,4,451.27,2024-08-02
581,Calça,Calçados,Sudeste,1,432.13,2024-08-03
582,Camisa,Calçados,Centro-Oeste,1,232.71,2024-08-04
583,Bolsa,Roupas,Centro-Oeste,1,56.16,2024-08-05
584,Boné,Calçados,Sul,1,86.1,2024-08-06
585,Jaqueta,Roupas,Centro-Oeste,8,190.49,2024-08-07
586,Camisa,Acessórios,Nordeste,3,57.08,2024-08-08
587,Boné,Acessórios,Nordeste,6,57.72,2024-08-09
588,Camisa,Calçados,Norte,3,462.47,2024-08-10
589,Tênis,Roupas,Nordeste,5,367.77,2024-08-11
590,Camisa,Roupas,Centro-Oeste,7,189.03,2024-08-12
591,Bolsa,Calçados,Nordeste,2,109.69,2024-08-13
592,Camisa,Acessórios,Sul,6,280.24,2024-08-14
593,Camisa,Calçados,Norte,6,52.41,2024-08-15
594,Bolsa,Acessórios,Centro-Oeste,3,472.29,2024-08-16
595,Jaqueta,Roupas,Norte,6,236.67,2024-08-17
596,Camisa,Acessórios,Centro-Oeste,5,231.05,2024-08-18
597,Bolsa,Calçados,Sul,2,225.77,2024-08-19
598,Boné,Roupas,Norte,9,81.2,2024-08-20
599,Tênis,Calçados,Sudeste,8,337.25,2024-08-21
600,Tênis,Calçados,Centro-Oeste,3,379.85,2024-08-22
601,Camisa,Acessórios,Sudeste,8,354.26,2024-08-23
602,Jaqueta,Calçados,Norte,9,112.3,2024-08-24
603,Jaqueta,Acessórios,Sudeste,3,310.48,2024-08-25
604,Boné,Roupas,Sudeste,3,306.27,2024-08-26
605,Camisa,Acessórios,Norte,2,440.78,2024-08-27
606,Tênis,Roupas,Sul,8,220.61,2024-08-28
607,Jaqueta,Acessórios,Sudeste,1,217.17,2024-08-29
608,Camisa,Calçados,Sudeste,8,328.34,2024-08-30
609,Jaqueta,Acessórios,Sul,7,334.88,2024-08-31
610,Bolsa,Acessórios,Sudeste,7,261.18,2024-09-01
611,Jaqueta,Roupas,Sudeste,3,249.38,2024-09-02
612,Tênis,Calçados,Sudeste,1,272.37,2024-09-03
613,Calça,Acessórios,Nordeste,4,437.47,2024-09-04
614,Boné,Calçados,Sul,9,257.53,2024-09-05
615,Boné,Acessórios,Sudeste,5,472.97,2024-09-06
616,Tênis,Acessórios,Sul,1,276.8,2024-09-07
617,Jaqueta,Calçados,Centro-Oeste,5,477.14,2024-09-08
618,Camisa,Acessórios,Centro-Oeste,8,424.77,2024-09-09
619,Jaqueta,Calçados,Sudeste,8,213.09,2024-09-10
620,Tênis,Acessórios,Sul,5,438.64,2024-09-11
621,Boné,Roupas,Sul,9,99.53,2024-09-12
622,Jaqueta,Calçados,Sul,1,466.27,2024-09-13
623,Boné,Acessórios,Nordeste,4,334.24,2024-09-14
624,Camisa,Acessórios,Centro-Oeste,3,74.48,2024-09-15
625,Boné,Roupas,Sul,2,339.92,2024-09-16
626,Boné,Calçados,Sul,8,488.41,2024-09-17
627,Calça,Acessórios,Nordeste,7,81.41,2024-09-18
628,Calça,Roupas,Nordeste,9,299.61,2024-09-19
629,Bolsa,Acessórios,Sul,2,386.51,2024-09-20
630,Calça,Calçados,Norte,4,414.62,2024-09-21
631,Boné,Acessórios,Sul,6,236.22,2024-09-22
632,Tênis,Acessórios,Sul,3,141.87,2024-09-23
633,Boné,Acessórios,Nordeste,8,69.05,2024-09-24
634,Tênis,Acessórios,Nordeste,3,310.88,2024-09-25
635,Tênis,Roupas,Sul,2,253.81,2024-09-26
636,Calça,Roupas,Sul,3,476.93,2024-09-27
637,Jaqueta,Calçados,Sul,6,77.27,2024-09-28
638,Camisa,Roupas,Nordeste,2,358.43,2024-09-29
639,Calça,Roupas,Sul,8,61.23,2024-09-30
640,Calça,Calçados,Sul,1,127.15,2024-10-01
641,Jaqueta,Roupas,Sudeste,7,254.11,2024-10-02
642,Camisa,Roupas,Norte,2,254.69,2024-10-03
643,Boné,Calçados,Centro-Oeste,6,358.57,2024-10-04
644,Bolsa,Calçados,Norte,2,459.6,2024-10-05
645,Bolsa,Calçados,Sudeste,2,337.56,2024-10-06
646,Boné,Acessórios,Centro-Oeste,8,479.09,2024-10-07
647,Calça,Acessórios,Sul,2,446.73,2024-10-08
648,Camisa,Calçados,Sudeste,7,313.02,2024-10-09
649,Calça,Calçados,Sul,3,425.21,2024-10-10
650,Tênis,Calçados,Nordeste,8,339.16,2024-10-11
651,Calça,Acessórios,Sudeste,7,85.35,2024-10-12
652,Calça,Acessórios,Nordeste,8,383.25,2024-10-13
653,Boné,Roupas,Sudeste,7,92.71,2024-10-14
654,Boné,Roupas,Sudeste,6,317.34,2024-10-15
655,Boné,Calçados,Nordeste,7,366.19,2024-10-16
656,Bolsa,Acessórios,Centro-Oeste,5,79.94,2024-10-17
657,Tênis,Acessórios,Norte,7,153.86,2024-10-18
658,Boné,Acessórios,Sul,1,462.05,2024-10-19
659,Camisa,Calçados,Sudeste,1,327.34,2024-10-20
660,Bolsa,Roupas,Sul,9,160.83,2024-10-21
661,Jaqueta,Calçados,Nordeste,5,360.81,2024-10-22
662,Camisa,Roupas,Sul,5,318.55,2024-10-23
663,Camisa,Roupas,Nordeste,3,275.71,2024-10-24
664,Boné,Calçados,Sul,5,489.28,2024-10-25
665,Jaqueta,Roupas,Norte,3,357.55,2024-10-26
666,Jaqueta,Roupas,Norte,9,218.95,2024-10-27
667,Bolsa,Acessórios,Norte,9,410.03,2024-10-28
668,Jaqueta,Roupas,Norte,6,448.06,2024-10-29
669,Tênis,Calçados,Norte,1,106.35,2024-10-30
670,Boné,Calçados,Norte,7,140.25,2024-10-31
671,Jaqueta,Roupas,Nordeste,7,147.3,2024-11-01
672,Bolsa,Acessórios,Sudeste,4,361.05,2024-11-02
673,Tênis,Acessórios,Sul,8,321.37,2024-11-03
674,Calça,Roupas,Norte,6,328.55,2024-11-04
675,Calça,Roupas,Nordeste,4,473.35,2024-11-05
676,Tênis,Calçados,Nordeste,4,399.16,2024-11-06
677,Bolsa,Roupas,Nordeste,2,107.57,2024-11-07
678,Tênis,Acessórios,Sudeste,2,206.38,2024-11-08
679,Boné,Roupas,Sul,4,245.93,2024-11-09
680,Boné,Calçados,Sudeste,5,228.18,2024-11-10
681,Calça,Calçados,Centro-Oeste,8,351.19,2024-11-11
682,Jaqueta,Calçados,Nordeste,6,451.35,2024-11-12
683,Bolsa,Calçados,Centro-Oeste,4,187.72,2024-11-13
684,Calça,Calçados,Norte,7,298.34,2024-11-14
685,Jaqueta,Roupas,Norte,8,405.23,2024-11-15
686,Jaqueta,Roupas,Sudeste,2,237.3,2024-11-16
687,Boné,Roupas,Sul,7,125.65,2024-11-17
688,Camisa,Roupas,Centro-Oeste,2,263.73,2024-11-18
689,Camisa,Calçados,Sul,2,74.85,2024-11-19
690,Tênis,Acessórios,Sudeste,8,474.07,2024-11-20
691,Boné,Roupas,Norte,2,83.67,2024-11-21
692,Jaqueta,Acessórios,Sul,9,247.31,2024-11-22
693,Bolsa,Roupas,Sul,1,288.45,2024-11-23
694,Camisa,Roupas,Norte,9,493.39,2024-11-24
695,Jaqueta,Acessórios,Centro-Oeste,1,124.71,2024-11-25
696,Camisa,Calçados,Norte,2,101.49,2024-11-26
697,Camisa,Roupas,Sul,6,53.92,2024-11-27
698,Camisa,Roupas,Centro-Oeste,6,120.01,2024-11-28
699,Bolsa,Roupas,Centro-Oeste,1,143.27,2024-11-29
700,Boné,Acessórios,Norte,7,333.76,2024-11-30
701,Bolsa,Calçados,Sul,8,148.87,2024-12-01
702,Calça,Acessórios,Sudeste,2,59.23,2024-12-02
703,Jaqueta,Acessórios,Sul,8,421.98,2024-12-03
704,Boné,Calçados,Nordeste,9,214.52,2024-12-04
705,Boné,Acessórios,Sudeste,6,209.16,2024-12-05
706,Boné,Calçados,Centro-Oeste,5,186.12,2024-12-06
707,Boné,Roupas,Sudeste,9,488.92,2024-12-07
708,Bolsa,Calçados,Centro-Oeste,9,126.55,2024-12-08
709,Boné,Roupas,Centro-Oeste,1,454.21,2024-12-09
710,Tênis,Acessórios,Sudeste,3,399.56,2024-12-10
711,Jaqueta,Acessórios,Centro-Oeste,9,84.42,2024-12-11
712,Boné,Roupas,Centro-Oeste,2,494.03,2024-12-12
713,Jaqueta,Acessórios,Nordeste,4,172.11,2024-12-13
714,Tênis,Calçados,Sul,4,94.36,2024-12-14
715,Tênis,Roupas,Sul,2,423.19,2024-12-15
716,Jaqueta,Acessórios,Nordeste,3,368.0,2024-12-16
717,Camisa,Roupas,Sudeste,3,327.75,2024-12-17
718,Calça,Calçados,Norte,1,120.19,2024-12-18
719,Camisa,Calçados,Norte,6,265.32,2024-12-19
720,Camisa,Acessórios,Norte,8,401.25,2024-12-20
721,Bolsa,Calçados,Nordeste,3,186.63,2024-12-21
722,Camisa,Roupas,Nordeste,5,190.26,2024-12-22
723,Boné,Calçados,Centro-Oeste,1,51.41,2024-12-23
724,Bolsa,Roupas,Norte,7,128.41,2024-12-24
725,Bolsa,Roupas,Sudeste,1,443.93,2024-12-25
726,Tênis,Calçados,Sudeste,9,248.79,2024-12-26
727,Camisa,Acessórios,Norte,8,492.91,2024-12-27
728,Tênis,Calçados,Norte,7,228.07,2024-12-28
729,Jaqueta,Roupas,Norte,7,371.83,2024-12-29
730,Calça,Roupas,Nordeste,5,176.86,2024-12-30
731,Bolsa,Calçados,Nordeste,5,213.71,2024-12-31
732,Jaqueta,Acessórios,Nordeste,5,135.83,2025-01-01
733,Jaqueta,Acessórios,Sul,1,206.18,2025-01-02
734,Boné,Roupas,Sudeste,8,296.26,2025-01-03
735,Calça,Roupas,Sudeste,1,496.3,2025-01-04
736,Jaqueta,Acessórios,Centro-Oeste,4,348.89,2025-01-05
737,Jaqueta,Calçados,Nordeste,9,139.66,2025-01-06
738,Calça,Roupas,Sul,9,70.23,2025-01-07
739,Calça,Roupas,Sul,5,106.86,2025-01-08
740,Jaqueta,Acessórios,Sudeste,4,303.15,2025-01-09
741,Calça,Calçados,Nordeste,3,394.32,2025-01-10
742,Jaqueta,Acessórios,Centro-Oeste,3,473.19,2025-01-11
743,Jaqueta,Calçados,Nordeste,5,57.12,2025-01-12
744,Boné,Calçados,Norte,1,285.24,2025-01-13
745,Camisa,Calçados,Nordeste,5,261.89,2025-01-14
746,Jaqueta,Roupas,Norte,6,345.22,2025-01-15
747,Tênis,Acessórios,Norte,7,301.81,2025-01-16
748,Bolsa,Acessórios,Centro-Oeste,9,359.17,2025-01-17
749,Camisa,Calçados,Sudeste,3,346.14,2025-01-18
750,Camisa,Roupas,Nordeste,2,102.66,2025-01-19
751,Camisa,Roupas,Norte,3,409.87,2025-01-20
752,Boné,Acessórios,Nordeste,9,105.45,2025-01-21
753,Jaqueta,Roupas,Sudeste,7,364.34,2025-01-22
754,Boné,Roupas,Sudeste,9,237.27,2025-01-23
755,Jaqueta,Calçados,Sul,2,281.23,2025-01-24
756,Boné,Roupas,Sudeste,5,456.48,2025-01-25
757,Boné,Calçados,Centro-Oeste,4,450.45,2025-01-26
758,Bolsa,Acessórios,Norte,2,418.04,2025-01-27
759,Tênis,Roupas,Sul,9,279.57,2025-01-28
760,Boné,Acessórios,Centro-Oeste,9,381.31,2025-01-29
761,Bolsa,Acessórios,Nordeste,6,280.8,2025-01-30
762,Calça,Roupas,Norte,6,441.32,2025-01-31
763,Tênis,Roupas,Sudeste,8,231.25,2025-02-01
764,Boné,Acessórios,Norte,6,486.61,2025-02-02
765,Camisa,Roupas,Nordeste,1,469.55,2025-02-03
766,Calça,Calçados,Sul,4,383.72,2025-02-04
767,Calça,Calçados,Sul,7,175.74,2025-02-05
768,Bolsa,Roupas,Sul,2,109.24,2025-02-06
769,Calça,Acessórios,Sudeste,9,434.62,2025-02-07
770,Tênis,Roupas,Centro-Oeste,8,124.39,2025-02-08
771,Boné,Roupas,Centro-Oeste,8,434.42,2025-02-09
772,Boné,Acessórios,Norte,7,270.84,2025-02-10
773,Camisa,Acessórios,Sudeste,4,232.95,2025-02-11
774,Bolsa,Calçados,Sul,2,456.44,2025-02-12
775,Camisa,Acessórios,Sul,3,321.73,2025-02-13
776,Calça,Calçados,Nordeste,6,309.48,2025-02-14
777,Camisa,Acessórios,Nordeste,5,301.44,2025-02-15
778,Tênis,Roupas,Sul,8,217.03,2025-02-16
779,Boné,Calçados,Sul,6,403.54,2025-02-17
780,Calça,Calçados,Sudeste,6,163.76,2025-02-18
781,Camisa,Calçados,Centro-Oeste,1,472.5,2025-02-19
782,Bolsa,Roupas,Nordeste,4,452.29,2025-02-20
783,Tênis,Roupas,Centro-Oeste,5,201.87,2025-02-21
784,Tênis,Roupas,Sudeste,3,378.26,2025-02-22
785,Camisa,Roupas,Sul,9,307.95,2025-02-23
786,Boné,Roupas,Centro-Oeste,1,201.94,2025-02-24
787,Camisa,Calçados,Sul,6,494.83,2025-02-25
788,Calça,Roupas,Sul,6,61.36,2025-02-26
789,Camisa,Calçados,Norte,5,163.69,2025-02-27
790,Tênis,Roupas,Centro-Oeste,5,284.03,2025-02-28
791,Camisa,Acessórios,Centro-Oeste,5,284.88,2025-03-01
792,Boné,Calçados,Sul,6,315.02,2025-03-02
793,Bolsa,Acessórios,Sudeste,8,388.25,2025-03-03
794,Jaqueta,Calçados,Norte,2,330.57,2025-03-04
795,Camisa,Acessórios,Sul,6,320.13,2025-03-05
796,Boné,Roupas,Nordeste,1,74.08,2025-03-06
797,Boné,Roupas,Nordeste,4,219.44,2025-03-07
798,Bolsa,Roupas,Norte,3,154.43,2025-03-08
799,Tênis,Calçados,Sudeste,9,169.42,2025-03-09
800,Boné,Acessórios,Sul,3,299.45,2025-03-10
801,Boné,Roupas,Centro-Oeste,6,139.78,2025-03-11
802,Boné,Acessórios,Norte,1,182.28,2025-03-12
803,Boné,Acessórios,Sudeste,6,156.69,2025-03-13
804,Calça,Roupas,Centro-Oeste,4,476.83,2025-03-14
805,Calça,Roupas,Nordeste,8,475.1,2025-03-15
806,Tênis,Acessórios,Nordeste,9,324.47,2025-03-16
807,Camisa,Roupas,Centro-Oeste,4,466.04,2025-03-17
808,Boné,Roupas,Norte,6,403.62,2025-03-18
809,Bolsa,Roupas,Nordeste,1,315.48,2025-03-19
810,Camisa,Calçados,Sul,4,52.9,2025-03-20
811,Bolsa,Acessórios,Centro-Oeste,7,397.63,2025-03-21
812,Camisa,Acessórios,Centro-Oeste,1,366.12,2025-03-22
813,Tênis,Calçados,Nordeste,8,326.86,2025-03-23
814,Boné,Acessórios,Norte,6,392.19,2025-03-24
815,Boné,Roupas,Sul,5,280.81,2025-03-25
816,Jaqueta,Acessórios,Norte,9,366.84,2025-03-26
817,Bolsa,Roupas,Sudeste,2,470.83,2025-03-27
818,Camisa,Calçados,Sudeste,5,219.11,2025-03-28
819,Camisa,Roupas,Nordeste,6,368.65,2025-03-29
820,Calça,Acessórios,Nordeste,7,264.06,2025-03-30
821,Jaqueta,Acessórios,Nordeste,5,353.48,2025-03-31
822,Calça,Acessórios,Sudeste,9,393.3,2025-04-01
823,Calça,Calçados,Norte,1,70.45,2025-04-02
824,Calça,Calçados,Norte,7,340.97,2025-04-03
825,Bolsa,Acessórios,Nordeste,7,152.03,2025-04-04
826,Bolsa,Roupas,Sul,4,351.51,2025-04-05
827,Tênis,Calçados,Norte,9,260.75,2025-04-06
828,Tênis,Acessórios,Sudeste,5,398.1,2025-04-07
829,Calça,Acessórios,Centro-Oeste,4,105.53,2025-04-08
830,Jaqueta,Calçados,Centro-Oeste,7,331.85,2025-04-09
831,Camisa,Calçados,Centro-Oeste,4,175.31,2025-04-10
832,Bolsa,Calçados,Sul,3,433.84,2025-04-11
833,Jaqueta,Roupas,Nordeste,9,467.77,2025-04-12
834,Boné,Roupas,Sudeste,8,498.38,2025-04-13
835,Bolsa,Acessórios,Sul,1,408.2,2025-04-14
836,Bolsa,Calçados,Sudeste,7,389.18,2025-04-15
837,Tênis,Roupas,Sudeste,9,146.98,2025-04-16
838,Camisa,Calçados,Nordeste,8,201.2,2025-04-17
839,Camisa,Acessórios,Centro-Oeste,8,259.56,2025-04-18
840,Boné,Roupas,Nordeste,6,398.02,2025-04-19
841,Boné,Roupas,Sul,4,461.73,2025-04-20
842,Bolsa,Roupas,Sul,8,135.11,2025-04-21
843,Calça,Acessórios,Sul,3,465.07,2025-04-22
844,Tênis,Calçados,Nordeste,9,363.03,2025-04-23
845,Tênis,Roupas,Sudeste,2,324.85,2025-04-24
846,Bolsa,Acessórios,Sudeste,2,139.93,2025-04-25
847,Jaqueta,Calçados,Norte,7,74.99,2025-04-26
848,Calça,Acessórios,Sul,4,305.81,2025-04-27
849,Bolsa,Calçados,Sudeste,8,343.18,2025-04-28
850,Calça,Acessórios,Norte,9,144.85,2025-04-29
851,Calça,Calçados,Sudeste,7,300.41,2025-04-30
852,Calça,Roupas,Sul,5,435.42,2025-05-01
853,Bolsa,Calçados,Centro-Oeste,8,425.78,2025-05-02
854,Tênis,Acessórios,Sul,4,467.31,2025-05-03
855,Tênis,Acessórios,Nordeste,2,214.65,2025-05-04
856,Calça,Calçados,Sudeste,6,193.12,2025-05-05
857,Jaqueta,Roupas,Sudeste,9,387.24,2025-05-06
858,Camisa,Roupas,Nordeste,1,244.0,2025-05-07
859,Bolsa,Calçados,Nordeste,7,89.4,2025-05-08
860,Camisa,Calçados,Centro-Oeste,9,177.26,2025-05-09
861,Jaqueta,Acessórios,Sudeste,9,238.36,2025-05-10
862,Bolsa,Roupas,Sudeste,3,181.63,2025-05-11
863,Calça,Calçados,Centro-Oeste,5,199.49,2025-05-12
864,Tênis,Roupas,Norte,8,182.2,2025-05-13
865,Camisa,Calçados,Centro-Oeste,8,68.67,2025-05-14
866,Boné,Calçados,Sul,4,336.69,2025-05-15
867,Boné,Roupas,Sudeste,1,318.78,2025-05-16
868,Jaqueta,Calçados,Nordeste,1,344.02,2025-05-17
869,Calça,Calçados,Sul,4,136.54,2025-05-18
870,Camisa,Acessórios,Sudeste,6,183.04,2025-05-19
871,Calça,Calçados,Centro-Oeste,8,328.83,2025-05-20
872,Camisa,Calçados,Sul,6,319.83,2025-05-21
873,Jaqueta,Calçados,Sudeste,9,277.85,2025-05-22
874,Jaqueta,Acessórios,Norte,9,207.69,2025-05-23
875,Boné,Roupas,Norte,2,460.82,2025-05-24
876,Calça,Acessórios,Nordeste,1,202.9,2025-05-25
877,Bolsa,Acessórios,Sudeste,2,255.03,2025-05-26
878,Boné,Roupas,Norte,5,355.15,2025-05-27
879,Calça,Acessórios,Centro-Oeste,4,294.36,2025-05-28
880,Boné,Roupas,Sudeste,4,206.1,2025-05-29
881,Bolsa,Acessórios,Centro-Oeste,9,246.04,2025-05-30
882,Tênis,Roupas,Centro-Oeste,8,407.52,2025-05-31
883,Tênis,Calçados,Norte,6,175.16,2025-06-01
884,Tênis,Acessórios,Sudeste,1,114.01,2025-06-02
885,Tênis,Acessórios,Sul,2,190.92,2025-06-03
886,Camisa,Acessórios,Norte,6,432.29,2025-06-04
887,Tênis,Acessórios,Norte,2,90.05,2025-06-05
888,Bolsa,Calçados,Sudeste,5,496.26,2025-06-06
889,Jaqueta,Acessórios,Sudeste,5,293.45,2025-06-07
890,Jaqueta,Calçados,Centro-Oeste,6,493.18,2025-06-08
891,Camisa,Calçados,Sudeste,6,472.55,2025-06-09
892,Tênis,Calçados,Centro-Oeste,6,253.77,2025-06-10
893,Tênis,Calçados,Norte,2,139.32,2025-06-11
894,Tênis,Roupas,Nordeste,3,124.2,2025-06-12
895,Boné,Roupas,Sul,6,158.0,2025-06-13
896,Calça,Acessórios,Norte,8,369.56,2025-06-14
897,Boné,Roupas,Sudeste,1,172.83,2025-06-15
898,Calça,Roupas,Sul,1,203.64,2025-06-16
899,Tênis,Acessórios,Nordeste,2,251.95,2025-06-17
900,Tênis,Acessórios,Nordeste,6,460.95,2025-06-18
901,Boné,Acessórios,Centro-Oeste,9,135.23,2025-06-19
902,Boné,Roupas,Sul,4,52.26,2025-06-20
903,Calça,Roupas,Centro-Oeste,3,77.04,2025-06-21
904,Jaqueta,Acessórios,Norte,8,457.14,2025-06-22
905,Calça,Calçados,Sul,9,341.38,2025-06-23
906,Boné,Acessórios,Norte,5,172.87,2025-06-24
907,Bolsa,Calçados,Centro-Oeste,9,129.74,2025-06-25
908,Boné,Calçados,Sul,2,182.42,2025-06-26
909,Bolsa,Acessórios,Centro-Oeste,3,101.66,2025-06-27
910,Camisa,Acessórios,Sul,7,473.69,2025-06-28
911,Boné,Acessórios,Centro-Oeste,7,402.89,2025-06-29
912,Camisa,Roupas,Nordeste,6,258.08,2025-06-30
913,Jaqueta,Calçados,Centro-Oeste,6,439.23,2025-07-01
914,Calça,Roupas,Nordeste,2,162.26,2025-07-02
915,Bolsa,Roupas,Centro-Oeste,6,372.7,2025-07-03
916,Calça,Acessórios,Sul,4,435.26,2025-07-04
917,Camisa,Roupas,Sul,3,210.55,2025-07-05
918,Bolsa,Acessórios,Sul,2,390.86,2025-07-06
919,Calça,Calçados,Sudeste,1,182.78,2025-07-07
920,Boné,Acessórios,Norte,5,184.49,2025-07-08
921,Tênis,Roupas,Sul,2,98.18,2025-07-09
922,Camisa,Roupas,Nordeste,2,248.03,2025-07-10
923,Calça,Acessórios,Sul,7,378.37,2025-07-11
924,Camisa,Acessórios,Sudeste,8,473.1,2025-07-12
925,Camisa,Roupas,Nordeste,8,321.71,2025-07-13
926,Bolsa,Calçados,Sudeste,4,438.41,2025-07-14
927,Bolsa,Calçados,Nordeste,1,420.12,2025-07-15
928,Tênis,Acessórios,Centro-Oeste,7,128.0,2025-07-16
929,Boné,Calçados,Norte,1,268.62,2025-07-17
930,Camisa,Roupas,Norte,4,102.62,2025-07-18
931,Calça,Acessórios,Sudeste,8,356.97,2025-07-19
932,Jaqueta,Roupas,Norte,2,477.45,2025-07-20
933,Camisa,Roupas,Sudeste,6,111.69,2025-07-21
934,Camisa,Calçados,Sudeste,6,380.25,2025-07-22
935,Tênis,Acessórios,Sudeste,9,334.51,2025-07-23
936,Boné,Acessórios,Norte,5,312.62,2025-07-24
937,Jaqueta,Calçados,Sudeste,4,225.55,2025-07-25
938,Bolsa,Roupas,Norte,5,209.81,2025-07-26
939,Bolsa,Roupas,Sudeste,5,70.36,2025-07-27
940,Calça,Roupas,Sul,8,148.06,2025-07-28
941,Jaqueta,Roupas,Sudeste,8,56.83,2025-07-29
942,Bolsa,Acessórios,Nordeste,2,311.64,2025-07-30
943,Calça,Acessórios,Sudeste,7,97.63,2025-07-31
944,Boné,Calçados,Centro-Oeste,8,442.86,2025-08-01
945,Calça,Calçados,Sudeste,6,285.41,2025-08-02
946,Bolsa,Acessórios,Nordeste,5,364.86,2025-08-03
947,Tênis,Acessórios,Nordeste,9,234.89,2025-08-04
948,Tênis,Roupas,Norte,3,302.26,2025-08-05
949,Tênis,Roupas,Sul,4,474.2,2025-08-06
950,Bolsa,Calçados,Sudeste,9,87.23,2025-08-07
